{
  "timestamp": "2026-03-05T05:32:59.407222",
  "current_price": 72407.35167959312,
  "predictions": {
    "15min": 74781.53,
    "60min": 74781.53,
    "240min": 74781.53,
    "720min": 74781.53,
    "1440min": 74781.53,
    "4320min": 74781.53,
    "10080min": 74781.53
  },
  "confidence_scores": {
    "15min": 0.9,
    "60min": 0.84,
    "240min": 0.76,
    "720min": 0.68,
    "1440min": 0.62,
    "4320min": 0.55,
    "10080min": 0.5
  },
  "sentiment_score": 0,
  "model_version": "epoch-21"
}