{
  "timestamp": "2026-03-05T05:30:49.268491",
  "current_price": 72602.32812533689,
  "predictions": {
    "15min": 74732.1,
    "60min": 74732.1,
    "240min": 74732.1,
    "720min": 74732.1,
    "1440min": 74732.1,
    "4320min": 74732.1,
    "10080min": 74732.1
  },
  "confidence_scores": {
    "15min": 0.9,
    "60min": 0.84,
    "240min": 0.76,
    "720min": 0.68,
    "1440min": 0.62,
    "4320min": 0.55,
    "10080min": 0.5
  },
  "sentiment_score": 0,
  "model_version": "epoch-21"
}