{
  "timestamp": "2026-03-05T05:31:14.536937",
  "current_price": 72454.94268980273,
  "predictions": {
    "15min": 74772.54,
    "60min": 74772.54,
    "240min": 74772.54,
    "720min": 74772.54,
    "1440min": 74772.54,
    "4320min": 74772.54,
    "10080min": 74772.54
  },
  "confidence_scores": {
    "15min": 0.9,
    "60min": 0.84,
    "240min": 0.76,
    "720min": 0.68,
    "1440min": 0.62,
    "4320min": 0.55,
    "10080min": 0.5
  },
  "sentiment_score": 0,
  "model_version": "epoch-21"
}