{
  "timestamp": "2026-03-05T05:31:39.799368",
  "current_price": 72527.2738603365,
  "predictions": {
    "15min": 74761.72,
    "60min": 74761.72,
    "240min": 74761.72,
    "720min": 74761.72,
    "1440min": 74761.72,
    "4320min": 74761.72,
    "10080min": 74761.72
  },
  "confidence_scores": {
    "15min": 0.9,
    "60min": 0.84,
    "240min": 0.76,
    "720min": 0.68,
    "1440min": 0.62,
    "4320min": 0.55,
    "10080min": 0.5
  },
  "sentiment_score": 0,
  "model_version": "epoch-21"
}