{
  "timestamp": "2026-03-05T05:33:20.817862",
  "current_price": 72594.1849041765,
  "predictions": {
    "15min": 74824.06,
    "60min": 74824.06,
    "240min": 74824.06,
    "720min": 74824.06,
    "1440min": 74824.06,
    "4320min": 74824.06,
    "10080min": 74824.06
  },
  "confidence_scores": {
    "15min": 0.9,
    "60min": 0.84,
    "240min": 0.76,
    "720min": 0.68,
    "1440min": 0.62,
    "4320min": 0.55,
    "10080min": 0.5
  },
  "sentiment_score": 0,
  "model_version": "epoch-21"
}