{
  "timestamp": "2026-03-05T05:34:49.755258",
  "current_price": 72553.70664744191,
  "predictions": {
    "15min": 74797.52,
    "60min": 74797.52,
    "240min": 74797.52,
    "720min": 74797.52,
    "1440min": 74797.52,
    "4320min": 74797.52,
    "10080min": 74797.52
  },
  "confidence_scores": {
    "15min": 0.9,
    "60min": 0.84,
    "240min": 0.76,
    "720min": 0.68,
    "1440min": 0.62,
    "4320min": 0.55,
    "10080min": 0.5
  },
  "sentiment_score": 0,
  "model_version": "epoch-21"
}