{
  "timestamp": "2026-03-05T05:37:10.571071",
  "current_price": 72490.46851960683,
  "predictions": {
    "15min": 74746.29,
    "60min": 74746.29,
    "240min": 74746.29,
    "720min": 74746.29,
    "1440min": 74746.29,
    "4320min": 74746.29,
    "10080min": 74746.29
  },
  "confidence_scores": {
    "15min": 0.9,
    "60min": 0.84,
    "240min": 0.76,
    "720min": 0.68,
    "1440min": 0.62,
    "4320min": 0.55,
    "10080min": 0.5
  },
  "sentiment_score": 0,
  "model_version": "epoch-21"
}