{
  "timestamp": "2026-03-05T07:51:28.354614",
  "current_price": 72018.57651698751,
  "predictions": {
    "15min": 74221.49,
    "60min": 74221.49,
    "240min": 74221.49,
    "720min": 74221.49,
    "1440min": 74221.49,
    "4320min": 74221.49,
    "10080min": 74221.49
  },
  "confidence_scores": {
    "15min": 0.9,
    "60min": 0.84,
    "240min": 0.76,
    "720min": 0.68,
    "1440min": 0.62,
    "4320min": 0.55,
    "10080min": 0.5
  },
  "sentiment_score": 0,
  "model_version": "epoch-21"
}