{
  "timestamp": "2026-03-05T05:36:10.662985",
  "current_price": 72456.37827707811,
  "predictions": {
    "15min": 74787.4,
    "60min": 74787.4,
    "240min": 74787.4,
    "720min": 74787.4,
    "1440min": 74787.4,
    "4320min": 74787.4,
    "10080min": 74787.4
  },
  "confidence_scores": {
    "15min": 0.9,
    "60min": 0.84,
    "240min": 0.76,
    "720min": 0.68,
    "1440min": 0.62,
    "4320min": 0.55,
    "10080min": 0.5
  },
  "sentiment_score": 0,
  "model_version": "epoch-21"
}