{
  "timestamp": "2026-03-05T05:32:46.295541",
  "current_price": 72446.78141096239,
  "predictions": {
    "15min": 74768.44,
    "60min": 74768.44,
    "240min": 74768.44,
    "720min": 74768.44,
    "1440min": 74768.44,
    "4320min": 74768.44,
    "10080min": 74768.44
  },
  "confidence_scores": {
    "15min": 0.9,
    "60min": 0.84,
    "240min": 0.76,
    "720min": 0.68,
    "1440min": 0.62,
    "4320min": 0.55,
    "10080min": 0.5
  },
  "sentiment_score": 0,
  "model_version": "epoch-21"
}