{
  "timestamp": "2026-03-04T18:32:18.920152",
  "current_price": 72362.23,
  "predictions": {
    "15min": 74626.68,
    "60min": 74626.68,
    "240min": 74626.68,
    "720min": 74626.68,
    "1440min": 74626.68,
    "4320min": 74626.68,
    "10080min": 74626.68
  },
  "confidence_scores": {
    "15min": 0.9,
    "60min": 0.84,
    "240min": 0.76,
    "720min": 0.68,
    "1440min": 0.62,
    "4320min": 0.55,
    "10080min": 0.5
  },
  "sentiment_score": -0.4245199859554272,
  "model_version": "epoch-21"
}