{
  "timestamp": "2026-03-05T05:39:12.445467",
  "current_price": 72401.40491892233,
  "predictions": {
    "15min": 74562.56,
    "60min": 74562.56,
    "240min": 74562.56,
    "720min": 74562.56,
    "1440min": 74562.56,
    "4320min": 74562.56,
    "10080min": 74562.56
  },
  "confidence_scores": {
    "15min": 0.9,
    "60min": 0.84,
    "240min": 0.76,
    "720min": 0.68,
    "1440min": 0.62,
    "4320min": 0.55,
    "10080min": 0.5
  },
  "sentiment_score": 0,
  "model_version": "epoch-21"
}