{
  "timestamp": "2026-03-05T05:30:54.246654",
  "current_price": 72542.13062054048,
  "predictions": {
    "15min": 74718.48,
    "60min": 74718.48,
    "240min": 74718.48,
    "720min": 74718.48,
    "1440min": 74718.48,
    "4320min": 74718.48,
    "10080min": 74718.48
  },
  "confidence_scores": {
    "15min": 0.9,
    "60min": 0.84,
    "240min": 0.76,
    "720min": 0.68,
    "1440min": 0.62,
    "4320min": 0.55,
    "10080min": 0.5
  },
  "sentiment_score": 0,
  "model_version": "epoch-21"
}