{
  "timestamp": "2026-03-05T05:34:29.458507",
  "current_price": 72590.6629889572,
  "predictions": {
    "15min": 74786.12,
    "60min": 74786.12,
    "240min": 74786.12,
    "720min": 74786.12,
    "1440min": 74786.12,
    "4320min": 74786.12,
    "10080min": 74786.12
  },
  "confidence_scores": {
    "15min": 0.9,
    "60min": 0.84,
    "240min": 0.76,
    "720min": 0.68,
    "1440min": 0.62,
    "4320min": 0.55,
    "10080min": 0.5
  },
  "sentiment_score": 0,
  "model_version": "epoch-21"
}