{
  "timestamp": "2026-03-05T05:32:01.713809",
  "current_price": 72431.14922796423,
  "predictions": {
    "15min": 74743.9,
    "60min": 74743.9,
    "240min": 74743.9,
    "720min": 74743.9,
    "1440min": 74743.9,
    "4320min": 74743.9,
    "10080min": 74743.9
  },
  "confidence_scores": {
    "15min": 0.9,
    "60min": 0.84,
    "240min": 0.76,
    "720min": 0.68,
    "1440min": 0.62,
    "4320min": 0.55,
    "10080min": 0.5
  },
  "sentiment_score": 0,
  "model_version": "epoch-21"
}