{
  "timestamp": "2026-03-05T05:34:10.185243",
  "current_price": 72501.43875275596,
  "predictions": {
    "15min": 74793.17,
    "60min": 74793.17,
    "240min": 74793.17,
    "720min": 74793.17,
    "1440min": 74793.17,
    "4320min": 74793.17,
    "10080min": 74793.17
  },
  "confidence_scores": {
    "15min": 0.9,
    "60min": 0.84,
    "240min": 0.76,
    "720min": 0.68,
    "1440min": 0.62,
    "4320min": 0.55,
    "10080min": 0.5
  },
  "sentiment_score": 0,
  "model_version": "epoch-21"
}