{
  "timestamp": "2026-03-05T05:30:50.290521",
  "current_price": 72520.89335222877,
  "predictions": {
    "15min": 74720.09,
    "60min": 74720.09,
    "240min": 74720.09,
    "720min": 74720.09,
    "1440min": 74720.09,
    "4320min": 74720.09,
    "10080min": 74720.09
  },
  "confidence_scores": {
    "15min": 0.9,
    "60min": 0.84,
    "240min": 0.76,
    "720min": 0.68,
    "1440min": 0.62,
    "4320min": 0.55,
    "10080min": 0.5
  },
  "sentiment_score": 0,
  "model_version": "epoch-21"
}