{
  "timestamp": "2026-03-05T05:31:36.887904",
  "current_price": 72418.40746200025,
  "predictions": {
    "15min": 74754.35,
    "60min": 74754.35,
    "240min": 74754.35,
    "720min": 74754.35,
    "1440min": 74754.35,
    "4320min": 74754.35,
    "10080min": 74754.35
  },
  "confidence_scores": {
    "15min": 0.9,
    "60min": 0.84,
    "240min": 0.76,
    "720min": 0.68,
    "1440min": 0.62,
    "4320min": 0.55,
    "10080min": 0.5
  },
  "sentiment_score": 0,
  "model_version": "epoch-21"
}