{
  "timestamp": "2026-03-05T05:34:38.609704",
  "current_price": 72569.7754442076,
  "predictions": {
    "15min": 74795.92,
    "60min": 74795.92,
    "240min": 74795.92,
    "720min": 74795.92,
    "1440min": 74795.92,
    "4320min": 74795.92,
    "10080min": 74795.92
  },
  "confidence_scores": {
    "15min": 0.9,
    "60min": 0.84,
    "240min": 0.76,
    "720min": 0.68,
    "1440min": 0.62,
    "4320min": 0.55,
    "10080min": 0.5
  },
  "sentiment_score": 0,
  "model_version": "epoch-21"
}