{
  "timestamp": "2026-03-05T05:33:07.401642",
  "current_price": 72488.19152959921,
  "predictions": {
    "15min": 74790.62,
    "60min": 74790.62,
    "240min": 74790.62,
    "720min": 74790.62,
    "1440min": 74790.62,
    "4320min": 74790.62,
    "10080min": 74790.62
  },
  "confidence_scores": {
    "15min": 0.9,
    "60min": 0.84,
    "240min": 0.76,
    "720min": 0.68,
    "1440min": 0.62,
    "4320min": 0.55,
    "10080min": 0.5
  },
  "sentiment_score": 0,
  "model_version": "epoch-21"
}