{
  "timestamp": "2026-03-05T05:32:11.850520",
  "current_price": 72434.26991322053,
  "predictions": {
    "15min": 74763.76,
    "60min": 74763.76,
    "240min": 74763.76,
    "720min": 74763.76,
    "1440min": 74763.76,
    "4320min": 74763.76,
    "10080min": 74763.76
  },
  "confidence_scores": {
    "15min": 0.9,
    "60min": 0.84,
    "240min": 0.76,
    "720min": 0.68,
    "1440min": 0.62,
    "4320min": 0.55,
    "10080min": 0.5
  },
  "sentiment_score": 0,
  "model_version": "epoch-21"
}