{
  "timestamp": "2026-03-05T05:35:07.006014",
  "current_price": 72567.23597216378,
  "predictions": {
    "15min": 74770.37,
    "60min": 74770.37,
    "240min": 74770.37,
    "720min": 74770.37,
    "1440min": 74770.37,
    "4320min": 74770.37,
    "10080min": 74770.37
  },
  "confidence_scores": {
    "15min": 0.9,
    "60min": 0.84,
    "240min": 0.76,
    "720min": 0.68,
    "1440min": 0.62,
    "4320min": 0.55,
    "10080min": 0.5
  },
  "sentiment_score": 0,
  "model_version": "epoch-21"
}