{
  "timestamp": "2026-03-04T19:51:46.396750",
  "current_price": 73658.01,
  "predictions": {
    "15min": 73495.18098358509,
    "60min": 73546.75612151201,
    "240min": 73049.39170461972,
    "720min": 73748.76164003863,
    "1440min": 74154.17014191995,
    "4320min": 76339.68266683539,
    "10080min": 77743.71135171439
  },
  "confidence_scores": {
    "15min": 0.88,
    "60min": 0.86,
    "240min": 0.75,
    "720min": 0.66,
    "1440min": 0.64,
    "4320min": 0.53,
    "10080min": 0.47
  },
  "sentiment_score": 0,
  "model_version": "epoch-21"
}