{
  "timestamp": "2026-03-18T04:05:36.009463",
  "current_price": 74435.97197515352,
  "predictions": {
    "15min": 76769.12,
    "60min": 76769.12,
    "240min": 76769.12,
    "720min": 76769.12,
    "1440min": 76769.12,
    "4320min": 76769.12,
    "10080min": 76769.12
  },
  "confidence_scores": {
    "15min": 0.9,
    "60min": 0.84,
    "240min": 0.76,
    "720min": 0.68,
    "1440min": 0.62,
    "4320min": 0.55,
    "10080min": 0.5
  },
  "sentiment_score": 0,
  "model_version": "epoch-21"
}