{
  "timestamp": "2026-03-05T05:32:08.113758",
  "current_price": 72482.9927007868,
  "predictions": {
    "15min": 74756.98,
    "60min": 74756.98,
    "240min": 74756.98,
    "720min": 74756.98,
    "1440min": 74756.98,
    "4320min": 74756.98,
    "10080min": 74756.98
  },
  "confidence_scores": {
    "15min": 0.9,
    "60min": 0.84,
    "240min": 0.76,
    "720min": 0.68,
    "1440min": 0.62,
    "4320min": 0.55,
    "10080min": 0.5
  },
  "sentiment_score": 0,
  "model_version": "epoch-21"
}